{"Scene": "Animal Cell",

"slide_1": {
	"origins":[[0.019000, 0.652700, -0.050910],[0.107419, 0.662590, -0.072340],[0.098680, 0.806100, -0.053730],[-0.029000, 0.896000, -0.036900],[-0.079313, 0.628320, -0.152450],[-0.096700, 0.679702, -0.112805],[-0.042739, 0.637520, -0.194831]],
	"targets":[[0.384450, 0.606010, -0.485010],[0.550000, 0.931450, -0.314050],[0.352550, 1.260350, -0.070950],[-0.012650, 1.483650, 0.180950],[-0.654500, 0.687965, -0.173250],[-0.348700, 1.028800, -0.151250],[-0.311850, 0.477700, -0.480700]],
	"ParentedOriginNames":["maker_origin_nucleus","maker_origin_mitochondria","maker_origin_cytoplasm","maker_origin_cell_membrane","maker_origin_glycogen","maker_origin_vacuoles","maker_origin_secretory_vesicle"],
	"needParenting": true},
"quiz_1": {
	"origins":[[0.019000, 0.652700, -0.050910],[0.107419, 0.662590, -0.072340],[0.098680, 0.806100, -0.053730],[-0.029000, 0.896000, -0.036900],[-0.079313, 0.628320, -0.152450],[-0.096700, 0.679702, -0.112805],[-0.042739, 0.637520, -0.194831]],
	"targets":[[0.384450, 0.606010, -0.485010],[0.550000, 0.931450, -0.314050],[0.352550, 1.260350, -0.070950],[-0.012650, 1.483650, 0.180950],[-0.654500, 0.687965, -0.173250],[-0.348700, 1.028800, -0.151250],[-0.311850, 0.477700, -0.480700]],
	"spawnPoints":[[-0.565950, 0.569550, -0.413050],[-0.315150, 1.191050, 0.946550],[-0.473550, 0.915500, 0.610500],[0.022000, 1.465500, 0.352000],[0.385000, 1.212500, 0.121000],[0.555500, 0.893500, 0.572000],[0.531850, 0.456250, -0.314050]],
	"ParentedOriginNames":["maker_origin_nucleus","maker_origin_mitochondria","maker_origin_cytoplasm","maker_origin_cell_membrane","maker_origin_glycogen","maker_origin_vacuoles","maker_origin_secretory_vesicle"],
	"needParenting": true}
}