{"Scene": "DC Motor",

"slide_1": {
	"origins":[[0.000000, 0.000000, 0.000000]],
	"targets":[[0.000000, 0.000000, 0.000000]],
	"ParentedOriginNames":[""],
	"needParenting": false},
"slide_2": {
	"origins":[[0.147680, 1.169577, 0.000000],[0.126400, 0.992353, 0.000000],[-0.153440, 0.951505, 0.000000],[0.026269, 0.626758, -0.000386],[-0.059489, 0.773600, -0.073919],[-0.028480, 0.652640, -0.106080],[0.150400, 0.668000, 0.000000]],
	"targets":[[0.320200, 2.002000, 0.000000],[0.471000, 1.614000, -0.027000],[-0.309700, 1.841500, -0.027000],[0.300000, 0.919000, -0.027000],[-0.299700, 1.069400, -0.027000],[-0.299700, 0.789000, -0.027000],[0.340400, 0.635000, -0.027000]],
	"ParentedOriginNames":["propellor_origin","stator_magnet_origin","stator_cover_origin","commutator_origin","rotor_windings_origin","brushes_origin","bottom_cover_origin"],
	"needParenting": true},
"quiz_1": {
	"origins":[[0.147680, 1.169577, 0.000000],[0.126400, 0.992353, 0.000000],[-0.153440, 0.951505, 0.000000],[0.026269, 0.626758, -0.000386],[-0.059489, 0.773600, -0.073919],[-0.028480, 0.652640, -0.106080],[0.150400, 0.668000, 0.000000]],
	"targets":[[0.320200, 2.002000, 0.000000],[0.471000, 1.614000, -0.027000],[-0.309700, 1.841500, -0.027000],[0.300000, 0.919000, -0.027000],[-0.299700, 1.069400, -0.027000],[-0.299700, 0.789000, -0.027000],[0.340400, 0.635000, -0.027000]],
	"spawnPoints":[[0.274000, 2.166000, 0.000000],[0.927500, 1.841000, -0.027000],[-0.696000, 1.626000, -0.027000],[0.910000, 1.073000, -0.027000],[-0.815000, 1.258000, -0.027000],[-0.716000, 0.880000, -0.027000],[0.928000, 0.785000, -0.027000]],
	"ParentedOriginNames":["propellor_origin","stator_magnet_origin","stator_cover_origin","commutator_origin","rotor_windings_origin","brushes_origin","bottom_cover_origin"],
	"needParenting": true}
}