{"Scene": "Human Heart",

"slide_1": {
	"origins":[[-0.037755, 1.454942, 0.009579],[-0.215250, 1.487879, 0.006517],[0.169342, 1.412070, 0.012629],[0.027348, 1.392934, -0.115398],[0.252126, 1.276277, -0.097369],[-0.255436, 1.260821, -0.126321],[-0.029624, 1.243156, -0.123233],[-0.102345, 1.041491, -0.099996],[-0.108016, 0.902569, -0.118415],[-0.020601, 0.737704, -0.118618],[0.009974, 0.678271, -0.274983],[0.094649, 1.106995, 0.037060],[0.162927, 0.911953, -0.009630],[0.288136, 0.788672, -0.279527],[0.225378, 0.658031, -0.252192]],
	"targets":[[-0.236413, 1.911083, -0.186786],[-0.607894, 1.784121, -0.309396],[0.559689, 1.653480, 0.091503],[0.257487, 1.826442, -0.018448],[0.553868, 1.425318, -0.063058],[-0.714931, 1.344357, -0.169445],[-0.476616, 1.563319, -0.117983],[-0.476347, 1.134595, -0.227054],[-0.450785, 0.922994, -0.227075],[-0.581526, 0.737152, -0.296173],[-0.380549, 0.543950, -0.228125],[0.515100, 1.215556, -0.179315],[0.771993, 1.011314, -0.082969],[0.695808, 0.750032, -0.116682],[0.592712, 0.497950, -0.180968]],
	"ParentedOriginNames":["maker_origin_artery","maker_origin_venacava","maker_origin_pulmonaryV","maker_origin_pulmonaryartery","maker_origin_leftatrium","maker_origin_rightatrium","maker_origin_semilunarvalves","maker_origin_tricuspidvalves","maker_origin_Tendons","maker_origin_ChamberRV","maker_origin_WallRV","maker_origin_bicuspidvalve","maker_origin_ChamberLV","maker_origin_WallLV","maker_origin_Septum"],
	"needParenting": true},
"slide_2": {
	"origins":[[-0.037755, 1.454942, 0.009579],[-0.215250, 1.487879, 0.006517],[0.169342, 1.412070, 0.012629],[0.027348, 1.392934, -0.115398],[0.252126, 1.276277, -0.097369],[-0.255436, 1.260821, -0.126321],[-0.029624, 1.243156, -0.123233],[-0.102345, 1.041491, -0.099996],[-0.108016, 0.902569, -0.118415],[-0.020601, 0.737704, -0.118618],[0.009974, 0.678271, -0.274983],[0.094649, 1.106995, 0.037060],[0.162927, 0.911953, -0.009630],[0.288136, 0.788672, -0.279527],[0.225378, 0.658031, -0.252192]],
	"targets":[[0.121908, 1.808042, 0.038879],[-0.419193, 1.728921, -0.191008],[0.493165, 1.629560, 0.048512],[-0.246601, 1.852202, -0.337503],[0.553868, 1.425318, -0.063058],[-0.648407, 1.344357, -0.126453],[-0.327348, 1.544919, -0.118369],[-0.476347, 1.134595, -0.227054],[-0.450785, 0.922994, -0.227075],[-0.472996, 0.737152, -0.226593],[-0.380549, 0.543950, -0.228125],[0.581623, 1.215556, -0.136324],[0.729986, 1.011314, -0.109557],[0.889944, 0.750032, 0.006999],[0.592712, 0.497950, -0.180968]],
	"ParentedOriginNames":["maker_origin_artery","maker_origin_venacava","maker_origin_pulmonaryV","maker_origin_pulmonaryartery","maker_origin_leftatrium","maker_origin_rightatrium","maker_origin_semilunarvalves","maker_origin_tricuspidvalves","maker_origin_Tendons","maker_origin_ChamberRV","maker_origin_WallRV","maker_origin_bicuspidvalve","maker_origin_ChamberLV","maker_origin_WallLV","maker_origin_Septum"],
	"needParenting": true},
"quiz_1": {
	"origins":[[-0.037755, 1.211942, 0.009579],[-0.215250, 1.244879, 0.006517],[0.169342, 1.169070, 0.012629],[0.027348, 1.149934, -0.115398],[0.252126, 1.033277, -0.097369],[-0.255436, 1.017821, -0.126321],[0.225096, 0.415031, -0.273648]],
	"targets":[[-0.227835, 1.749043, -0.062557],[-0.453790, 1.541121, -0.062109],[0.621779, 1.231998, -0.106556],[0.351707, 1.609202, 0.042799],[0.795600, 0.915516, -0.207622],[-0.521123, 1.101357, -0.286553],[0.592712, 0.254950, -0.180968]],
	"spawnPoints":[[-0.459524, 1.719603, 0.053787],[0.641246, 1.427040, 0.053822],[-0.723359, 1.423360, 0.053471],[0.899123, 0.887915, 0.057057],[-0.846139, 0.687354, 0.052246],[0.608397, 0.197909, 0.051730],[-0.614488, 0.300950, 0.052985]],
	"ParentedOriginNames":["maker_origin_artery","maker_origin_venacava","maker_origin_pulmonaryV","maker_origin_pulmonaryartery","maker_origin_leftatrium","maker_origin_rightatrium","maker_origin_Septum"],
	"needParenting": true}
}